-- phpMyAdmin SQL Dump
-- version 5.2.1
-- https://www.phpmyadmin.net/
--
-- Host: 127.0.0.1
-- Generation Time: Apr 03, 2025 at 11:06 AM
-- Wersja serwera: 10.4.32-MariaDB
-- Wersja PHP: 8.2.12

SET SQL_MODE = "NO_AUTO_VALUE_ON_ZERO";
START TRANSACTION;
SET time_zone = "+00:00";


/*!40101 SET @OLD_CHARACTER_SET_CLIENT=@@CHARACTER_SET_CLIENT */;
/*!40101 SET @OLD_CHARACTER_SET_RESULTS=@@CHARACTER_SET_RESULTS */;
/*!40101 SET @OLD_COLLATION_CONNECTION=@@COLLATION_CONNECTION */;
/*!40101 SET NAMES utf8mb4 */;

--
-- Database: `rozklad`
--

-- --------------------------------------------------------

--
-- Struktura tabeli dla tabeli `czasy_kursowania`
--

CREATE TABLE `czasy_kursowania` (
  `id_czasu` int(11) NOT NULL,
  `id_trasy` int(11) DEFAULT NULL,
  `id_stacji_początkowej` int(11) DEFAULT NULL,
  `id_stacji_końcowej` int(11) DEFAULT NULL,
  `czas_przejazdu` time DEFAULT NULL
) ENGINE=InnoDB DEFAULT CHARSET=utf8mb4 COLLATE=utf8mb4_polish_ci;

--
-- Dumping data for table `czasy_kursowania`
--

INSERT INTO `czasy_kursowania` (`id_czasu`, `id_trasy`, `id_stacji_początkowej`, `id_stacji_końcowej`, `czas_przejazdu`) VALUES
(1, 1, 1, 2, '00:00:45'),
(2, 1, 2, 3, '00:00:45'),
(3, 1, 3, 4, '00:01:00'),
(4, 1, 4, 5, '00:02:00'),
(5, 1, 5, 6, '00:00:30'),
(6, 1, 6, 7, '00:01:30'),
(7, 1, 7, 8, '00:01:15'),
(8, 1, 8, 9, '00:01:00'),
(9, 1, 9, 10, '00:01:00'),
(10, 1, 10, 11, '00:01:00'),
(11, 1, 11, 12, '00:01:15'),
(12, 1, 12, 13, '00:01:00'),
(13, 1, 13, 14, '00:01:45'),
(14, 1, 14, 15, '00:02:15'),
(15, 1, 15, 16, '00:02:30'),
(16, 1, 16, 17, '00:01:30'),
(17, 1, 17, 18, '00:02:15'),
(18, 1, 18, 19, '00:01:15'),
(19, 1, 19, 20, '00:01:15'),
(20, 1, 20, 21, '00:01:15'),
(21, 1, 21, 22, '00:01:30'),
(22, 1, 22, 23, '00:01:00'),
(23, 1, 23, 24, '00:01:00'),
(24, 1, 24, 25, '00:01:15'),
(25, 1, 25, 26, '00:02:45'),
(26, 1, 26, 27, '00:02:00'),
(27, 1, 27, 28, '00:02:45'),
(30, 2, 53, 52, '00:02:30'),
(31, 2, 52, 51, '00:01:45'),
(32, 2, 51, 50, '00:01:15'),
(33, 2, 50, 14, '00:02:15'),
(34, 3, 52, 53, '00:02:30'),
(35, 3, 51, 52, '00:01:45'),
(36, 3, 50, 51, '00:01:15'),
(37, 3, 14, 50, '00:02:15'),
(38, 4, 2, 1, '00:00:45'),
(39, 4, 3, 2, '00:00:45'),
(40, 4, 4, 3, '00:01:00'),
(41, 4, 5, 4, '00:03:00'),
(42, 4, 6, 5, '00:01:00'),
(43, 4, 7, 6, '00:01:30'),
(44, 4, 8, 7, '00:01:00'),
(45, 4, 9, 8, '00:01:15'),
(46, 4, 10, 9, '00:01:00'),
(47, 4, 11, 10, '00:01:00'),
(48, 4, 12, 11, '00:01:15'),
(49, 4, 13, 12, '00:01:00'),
(50, 4, 14, 13, '00:01:45'),
(51, 4, 15, 14, '00:02:15'),
(52, 4, 16, 15, '00:02:30'),
(53, 4, 17, 16, '00:02:00'),
(54, 4, 18, 17, '00:02:15'),
(55, 4, 19, 18, '00:01:15'),
(56, 4, 20, 19, '00:01:15'),
(57, 4, 21, 20, '00:01:15'),
(58, 4, 22, 21, '00:01:30'),
(59, 4, 23, 22, '00:01:00'),
(60, 4, 24, 23, '00:01:00'),
(61, 4, 25, 24, '00:01:15'),
(62, 4, 26, 25, '00:03:00'),
(63, 4, 27, 26, '00:02:00'),
(64, 4, 28, 27, '00:01:45'),
(66, 5, 49, 48, '00:01:45'),
(67, 5, 48, 47, '00:01:45'),
(68, 5, 47, 46, '00:01:30'),
(69, 5, 46, 45, '00:01:30'),
(70, 5, 45, 44, '00:01:30'),
(71, 5, 44, 43, '00:01:15'),
(72, 5, 43, 42, '00:01:30'),
(73, 5, 42, 41, '00:01:45'),
(74, 5, 41, 40, '00:02:00'),
(75, 5, 40, 39, '00:01:45'),
(76, 5, 39, 38, '00:01:00'),
(77, 5, 38, 37, '00:01:15'),
(78, 5, 37, 36, '00:01:45'),
(80, 5, 35, 34, '00:01:00'),
(81, 5, 34, 33, '00:01:45'),
(82, 5, 33, 32, '00:01:30'),
(83, 5, 32, 31, '00:01:15'),
(84, 5, 31, 30, '00:02:00'),
(86, 5, 30, 29, '00:02:00'),
(127, 6, 48, 49, '00:01:45'),
(128, 6, 47, 48, '00:01:45'),
(129, 6, 46, 47, '00:01:30'),
(130, 6, 45, 46, '00:01:30'),
(131, 6, 44, 45, '00:01:30'),
(132, 6, 43, 44, '00:01:15'),
(133, 6, 42, 43, '00:01:30'),
(134, 6, 41, 42, '00:01:45'),
(135, 6, 40, 41, '00:02:00'),
(136, 6, 39, 40, '00:01:45'),
(137, 6, 38, 39, '00:01:00'),
(138, 6, 37, 38, '00:01:15'),
(139, 6, 36, 37, '00:01:45'),
(141, 6, 34, 35, '00:01:00'),
(142, 6, 33, 34, '00:01:45'),
(143, 6, 32, 33, '00:01:30'),
(144, 6, 31, 32, '00:01:15'),
(145, 6, 30, 31, '00:02:00'),
(146, 6, 29, 30, '00:02:00'),
(147, 7, 1, 2, '00:00:45'),
(148, 7, 2, 3, '00:00:45'),
(149, 7, 3, 4, '00:01:00'),
(150, 7, 4, 5, '00:02:00'),
(151, 7, 5, 6, '00:00:30'),
(152, 7, 6, 7, '00:01:30'),
(153, 7, 7, 8, '00:01:15'),
(154, 7, 8, 9, '00:01:00'),
(155, 7, 9, 10, '00:01:00'),
(156, 7, 10, 11, '00:01:00'),
(157, 7, 11, 12, '00:01:15'),
(158, 7, 12, 13, '00:01:00'),
(159, 7, 13, 14, '00:01:45'),
(160, 7, 14, 15, '00:02:15'),
(161, 7, 15, 16, '00:02:30'),
(162, 7, 16, 17, '00:01:30'),
(163, 7, 17, 18, '00:02:15'),
(164, 7, 18, 19, '00:01:15'),
(165, 7, 19, 20, '00:01:15'),
(166, 7, 20, 21, '00:01:15'),
(167, 7, 21, 22, '00:01:30'),
(168, 7, 22, 23, '00:01:00'),
(169, 7, 23, 24, '00:01:00'),
(170, 7, 24, 25, '00:01:15'),
(171, 7, 25, 26, '00:03:00'),
(172, 7, 26, 27, '00:02:00'),
(173, 7, 27, 28, '00:02:45'),
(175, 7, 48, 49, '00:01:45'),
(176, 7, 47, 48, '00:01:45'),
(177, 7, 46, 47, '00:01:30'),
(178, 7, 45, 46, '00:01:30'),
(179, 7, 44, 45, '00:01:30'),
(180, 7, 43, 44, '00:01:15'),
(181, 7, 42, 43, '00:01:30'),
(182, 7, 41, 42, '00:01:45'),
(183, 7, 40, 41, '00:02:00'),
(184, 7, 39, 40, '00:01:45'),
(185, 7, 38, 39, '00:01:00'),
(186, 7, 37, 38, '00:01:15'),
(187, 7, 36, 37, '00:01:45'),
(189, 7, 34, 35, '00:01:00'),
(190, 7, 33, 34, '00:01:45'),
(191, 7, 32, 33, '00:01:30'),
(192, 7, 31, 32, '00:01:15'),
(193, 7, 30, 31, '00:02:00'),
(194, 7, 29, 30, '00:02:00'),
(243, 8, 49, 48, '00:01:45'),
(244, 8, 48, 47, '00:01:45'),
(245, 8, 47, 46, '00:01:30'),
(246, 8, 46, 45, '00:01:30'),
(247, 8, 45, 44, '00:01:30'),
(248, 8, 44, 43, '00:01:15'),
(249, 8, 43, 42, '00:01:30'),
(250, 8, 42, 41, '00:01:45'),
(251, 8, 41, 40, '00:02:00'),
(252, 8, 40, 39, '00:01:45'),
(253, 8, 39, 38, '00:01:00'),
(254, 8, 38, 37, '00:01:15'),
(255, 8, 37, 36, '00:01:45'),
(257, 8, 35, 34, '00:01:00'),
(258, 8, 34, 33, '00:01:45'),
(259, 8, 33, 32, '00:01:30'),
(260, 8, 32, 31, '00:01:15'),
(261, 8, 31, 30, '00:02:00'),
(262, 8, 30, 29, '00:02:00'),
(263, 8, 2, 1, '00:00:45'),
(264, 8, 3, 2, '00:00:45'),
(265, 8, 4, 3, '00:01:00'),
(266, 8, 5, 4, '00:03:00'),
(267, 8, 6, 5, '00:01:00'),
(268, 8, 7, 6, '00:01:30'),
(269, 8, 8, 7, '00:01:00'),
(270, 8, 9, 8, '00:01:15'),
(271, 8, 10, 9, '00:01:00'),
(272, 8, 11, 10, '00:01:00'),
(273, 8, 12, 11, '00:01:15'),
(274, 8, 13, 12, '00:01:00'),
(275, 8, 14, 13, '00:01:45'),
(276, 8, 15, 14, '00:02:15'),
(277, 8, 16, 15, '00:02:30'),
(278, 8, 17, 16, '00:02:00'),
(279, 8, 18, 17, '00:02:15'),
(280, 8, 19, 18, '00:01:15'),
(281, 8, 20, 19, '00:01:15'),
(282, 8, 21, 20, '00:01:15'),
(283, 8, 22, 21, '00:01:30'),
(284, 8, 23, 22, '00:01:00'),
(285, 8, 24, 23, '00:01:00'),
(286, 8, 25, 24, '00:01:15'),
(287, 8, 26, 25, '00:03:00'),
(288, 8, 27, 26, '00:02:00'),
(289, 8, 28, 27, '00:01:45'),
(291, 9, 1, 2, '00:00:45'),
(292, 9, 2, 3, '00:00:45'),
(293, 9, 3, 4, '00:01:00'),
(294, 9, 4, 5, '00:02:00'),
(295, 9, 5, 6, '00:00:30'),
(296, 9, 6, 7, '00:01:30'),
(297, 9, 7, 8, '00:01:15'),
(298, 9, 8, 9, '00:01:00'),
(299, 9, 9, 10, '00:01:00'),
(300, 9, 10, 11, '00:01:00'),
(301, 9, 11, 12, '00:01:15'),
(302, 9, 12, 13, '00:01:00'),
(303, 9, 13, 14, '00:01:45'),
(304, 9, 14, 15, '00:02:15'),
(305, 9, 15, 16, '00:02:30'),
(306, 9, 16, 17, '00:01:30'),
(307, 9, 17, 18, '00:02:15'),
(308, 9, 18, 19, '00:01:15'),
(309, 9, 19, 20, '00:01:15'),
(310, 9, 20, 21, '00:01:15'),
(311, 9, 21, 22, '00:01:30'),
(312, 9, 22, 23, '00:01:00'),
(313, 9, 23, 24, '00:01:00'),
(314, 9, 48, 49, '00:01:45'),
(315, 9, 47, 48, '00:01:45'),
(316, 9, 46, 47, '00:01:30'),
(317, 9, 45, 46, '00:01:30'),
(318, 9, 44, 45, '00:01:30'),
(319, 9, 43, 44, '00:01:15'),
(320, 9, 42, 43, '00:01:30'),
(321, 9, 41, 42, '00:01:45'),
(322, 9, 40, 41, '00:02:00'),
(323, 9, 39, 40, '00:01:45'),
(324, 9, 38, 39, '00:01:00'),
(325, 9, 37, 38, '00:01:15'),
(326, 9, 36, 37, '00:01:45'),
(328, 9, 24, 35, '00:03:00'),
(329, 10, 2, 1, '00:00:45'),
(330, 10, 3, 2, '00:00:45'),
(331, 10, 4, 3, '00:01:00'),
(332, 10, 5, 4, '00:03:00'),
(333, 10, 6, 5, '00:01:00'),
(334, 10, 7, 6, '00:01:30'),
(335, 10, 8, 7, '00:01:00'),
(336, 10, 9, 8, '00:01:15'),
(337, 10, 10, 9, '00:01:00'),
(338, 10, 11, 10, '00:01:00'),
(339, 10, 12, 11, '00:01:15'),
(340, 10, 13, 12, '00:01:00'),
(341, 10, 14, 13, '00:01:45'),
(342, 10, 15, 14, '00:02:15'),
(343, 10, 16, 15, '00:02:30'),
(344, 10, 17, 16, '00:02:00'),
(345, 10, 18, 17, '00:02:15'),
(346, 10, 19, 18, '00:01:15'),
(347, 10, 20, 19, '00:01:15'),
(348, 10, 21, 20, '00:01:15'),
(349, 10, 22, 21, '00:01:30'),
(350, 10, 23, 22, '00:01:00'),
(351, 10, 24, 23, '00:01:00'),
(352, 10, 49, 48, '00:01:45'),
(353, 10, 48, 47, '00:01:45'),
(354, 10, 47, 46, '00:01:30'),
(355, 10, 46, 45, '00:01:30'),
(356, 10, 45, 44, '00:01:30'),
(357, 10, 44, 43, '00:01:15'),
(358, 10, 43, 42, '00:01:30'),
(359, 10, 42, 41, '00:01:45'),
(360, 10, 41, 40, '00:02:00'),
(361, 10, 40, 39, '00:01:45'),
(362, 10, 39, 38, '00:00:45'),
(363, 10, 38, 37, '00:01:15'),
(364, 10, 37, 36, '00:01:45'),
(366, 10, 35, 24, '00:03:00'),
(367, 11, 53, 52, '00:02:30'),
(368, 11, 52, 51, '00:01:45'),
(369, 11, 51, 50, '00:01:15'),
(370, 11, 50, 14, '00:02:15'),
(371, 11, 14, 15, '00:03:00'),
(372, 11, 15, 16, '00:02:30'),
(373, 11, 16, 17, '00:01:30'),
(374, 11, 17, 18, '00:02:15'),
(375, 11, 18, 19, '00:01:15'),
(376, 11, 19, 20, '00:01:15'),
(377, 11, 20, 21, '00:01:15'),
(378, 11, 21, 22, '00:01:30'),
(379, 11, 22, 23, '00:01:00'),
(380, 11, 23, 24, '00:01:00'),
(381, 11, 24, 25, '00:01:15'),
(382, 11, 25, 26, '00:03:00'),
(383, 11, 26, 27, '00:02:00'),
(384, 11, 27, 28, '00:02:45'),
(386, 12, 15, 14, '00:03:00'),
(387, 12, 16, 15, '00:02:30'),
(388, 12, 17, 16, '00:02:00'),
(389, 12, 18, 17, '00:02:15'),
(390, 12, 19, 18, '00:01:15'),
(391, 12, 20, 19, '00:01:15'),
(392, 12, 21, 20, '00:01:15'),
(393, 12, 22, 21, '00:01:30'),
(394, 12, 23, 22, '00:01:00'),
(395, 12, 24, 23, '00:01:00'),
(396, 12, 25, 24, '00:01:15'),
(397, 12, 26, 25, '00:03:00'),
(398, 12, 27, 26, '00:02:00'),
(399, 12, 28, 27, '00:01:45'),
(401, 12, 52, 53, '00:02:30'),
(402, 12, 51, 52, '00:01:45'),
(403, 12, 50, 51, '00:01:15'),
(404, 12, 14, 50, '00:02:15'),
(405, 5, 54, 49, '00:01:30'),
(406, 6, 49, 54, '00:01:30'),
(407, 7, 49, 54, '00:01:30'),
(408, 8, 54, 49, '00:01:30'),
(409, 9, 49, 54, '00:01:30'),
(410, 10, 54, 49, '00:01:30'),
(411, 5, 36, 55, '00:00:45'),
(412, 5, 55, 35, '00:00:45'),
(413, 6, 55, 36, '00:00:45'),
(414, 1, 28, 56, '00:01:15'),
(415, 1, 56, 29, '00:02:15'),
(416, 4, 29, 56, '00:02:15'),
(417, 4, 56, 28, '00:01:15'),
(418, 7, 28, 56, '00:01:15'),
(419, 7, 56, 29, '00:02:15'),
(420, 6, 35, 55, '00:00:45'),
(421, 7, 35, 55, '00:00:45'),
(422, 8, 55, 35, '00:00:45'),
(423, 8, 36, 55, '00:00:45'),
(424, 8, 29, 56, '00:02:15'),
(425, 8, 56, 28, '00:01:15'),
(426, 9, 35, 55, '00:00:45'),
(427, 9, 55, 36, '00:00:45'),
(428, 10, 36, 55, '00:00:45'),
(429, 10, 55, 35, '00:00:45'),
(430, 11, 28, 56, '00:01:15'),
(431, 11, 56, 29, '00:02:15'),
(432, 12, 29, 56, '00:02:15'),
(433, 12, 56, 28, '00:01:15'),
(434, 5, 57, 54, '00:03:00'),
(435, 6, 54, 57, '00:03:00'),
(436, 7, 54, 57, '00:03:00'),
(437, 8, 57, 54, '00:03:00'),
(438, 9, 54, 57, '00:03:00'),
(439, 10, 57, 54, '00:03:00'),
(440, 5, 59, 58, '00:01:30'),
(441, 5, 58, 57, '00:02:00'),
(442, 8, 59, 58, '00:01:30'),
(443, 8, 58, 57, '00:02:00'),
(444, 10, 59, 58, '00:01:30'),
(445, 10, 58, 57, '00:02:00'),
(446, 6, 57, 58, '00:02:00'),
(447, 6, 58, 59, '00:01:30'),
(448, 7, 57, 58, '00:02:00'),
(449, 7, 58, 59, '00:01:30'),
(450, 9, 57, 58, '00:02:00'),
(451, 9, 58, 59, '00:01:30'),
(452, 5, 61, 60, '00:00:00'),
(453, 5, 60, 59, '00:00:00'),
(454, 6, 59, 60, '00:00:00'),
(455, 6, 60, 61, '00:00:00'),
(456, 8, 61, 60, '00:00:00'),
(457, 8, 60, 59, '00:00:00'),
(458, 7, 59, 60, '00:00:00'),
(459, 7, 60, 61, '00:00:00'),
(460, 10, 61, 60, '00:00:00'),
(461, 10, 60, 59, '00:00:00'),
(462, 9, 59, 60, '00:00:00'),
(463, 9, 60, 61, '00:00:00');

-- --------------------------------------------------------

--
-- Struktura tabeli dla tabeli `postoje`
--

CREATE TABLE `postoje` (
  `id_postoj` int(11) NOT NULL,
  `typ_postoj` text NOT NULL,
  `opis postoju` text NOT NULL
) ENGINE=InnoDB DEFAULT CHARSET=utf8mb4 COLLATE=utf8mb4_polish_ci;

--
-- Dumping data for table `postoje`
--

INSERT INTO `postoje` (`id_postoj`, `typ_postoj`, `opis postoju`) VALUES
(1, 'ph', 'postój handlowy - obsługa pasażera'),
(2, 'pn', 'postój niehandlowy - tylko dla potrzeb przewoźnika'),
(3, 'zp', 'zatrzymuje się w razie potrzeby (stosuje się w przypadku dojazdu, zjazdu\r\npracowników kolejowych na posterunki blokowe, podstacje trakcyjne itp.) po\r\nuprzednim zgłoszeniu kierownikowi pociągu'),
(4, 'pm', 'praca manewrowa na stacji z wymianą grup wagonów bez zmiany brutta lub\r\nwymiana lokomotywy'),
(5, 'pt', 'postój tylko dla potrzeb technicznych'),
(6, 'zd', 'zmiana drużyny');

-- --------------------------------------------------------

--
-- Struktura tabeli dla tabeli `predkosci_stacje`
--

CREATE TABLE `predkosci_stacje` (
  `id` int(11) NOT NULL,
  `id_stacji_początkowej` int(11) DEFAULT NULL,
  `id_stacji_końcowej` int(11) DEFAULT NULL,
  `predkosc` text DEFAULT NULL
) ENGINE=InnoDB DEFAULT CHARSET=utf8mb4 COLLATE=utf8mb4_polish_ci;

--
-- Dumping data for table `predkosci_stacje`
--

INSERT INTO `predkosci_stacje` (`id`, `id_stacji_początkowej`, `id_stacji_końcowej`, `predkosc`) VALUES
(1, 1, 2, '60'),
(2, 2, 3, '60'),
(3, 3, 4, '120'),
(4, 4, 5, '120'),
(5, 5, 6, '80'),
(6, 6, 7, '80'),
(7, 7, 8, '120'),
(8, 8, 9, '120'),
(9, 9, 10, '120'),
(10, 10, 11, '120'),
(11, 11, 12, '120'),
(12, 12, 13, '120'),
(13, 13, 14, '120'),
(14, 14, 15, '120'),
(15, 15, 16, '120'),
(16, 16, 17, '120'),
(17, 17, 18, '130'),
(18, 18, 19, '40 <br> 130'),
(19, 19, 20, '130'),
(20, 20, 21, '130'),
(21, 21, 22, '120'),
(22, 22, 23, '120'),
(23, 23, 24, '120'),
(24, 24, 25, '100'),
(25, 25, 26, '100'),
(26, 26, 27, '100'),
(27, 27, 28, '50'),
(28, 28, 29, '60'),
(29, 53, 52, '60'),
(30, 52, 51, '60'),
(31, 51, 50, '80'),
(32, 50, 14, '80'),
(33, 52, 53, '60'),
(34, 51, 52, '60'),
(35, 50, 51, '80'),
(36, 14, 50, '80'),
(37, 2, 1, '60'),
(38, 3, 2, '120'),
(39, 4, 3, '120'),
(40, 5, 4, '120'),
(41, 6, 5, '80'),
(42, 7, 6, '80'),
(43, 8, 7, '120'),
(44, 9, 8, '120'),
(45, 10, 9, '120'),
(46, 11, 10, '120'),
(47, 12, 11, '120'),
(48, 13, 12, '120'),
(49, 14, 13, '120'),
(50, 15, 14, '120'),
(51, 16, 15, '120'),
(52, 17, 16, '120'),
(53, 18, 17, '130'),
(54, 19, 18, '130 <br> 40'),
(55, 20, 19, '130'),
(56, 21, 20, '130'),
(57, 22, 21, '120'),
(58, 23, 22, '120'),
(59, 24, 23, '100'),
(60, 25, 24, '100'),
(61, 26, 25, '100'),
(62, 27, 26, '100'),
(63, 28, 27, '50'),
(64, 29, 28, '30'),
(65, 49, 48, '160'),
(66, 48, 47, '160'),
(67, 47, 46, '160'),
(68, 46, 45, '160'),
(69, 45, 44, '160'),
(70, 44, 43, '160'),
(71, 43, 42, '160'),
(72, 42, 41, '160'),
(73, 41, 40, '160'),
(74, 40, 39, '160'),
(75, 39, 38, '160'),
(76, 38, 37, '160'),
(77, 37, 36, '160'),
(78, 36, 35, '160'),
(79, 35, 34, '120'),
(80, 34, 33, '100'),
(81, 33, 32, '100'),
(82, 32, 31, '120'),
(83, 31, 30, '100'),
(84, 30, 29, '100'),
(85, 48, 49, '160'),
(86, 47, 48, '160'),
(87, 46, 47, '160'),
(88, 45, 46, '160'),
(89, 44, 45, '160'),
(90, 43, 44, '160'),
(91, 42, 43, '160'),
(92, 41, 42, '160'),
(93, 40, 41, '160'),
(94, 39, 40, '160'),
(95, 38, 39, '160'),
(96, 37, 38, '160'),
(97, 36, 37, '160'),
(98, 35, 36, '130'),
(99, 34, 35, '100'),
(100, 33, 34, '100'),
(101, 32, 33, '100'),
(102, 31, 32, '120'),
(103, 30, 31, '100'),
(104, 29, 30, '100'),
(105, 2, 3, '120'),
(106, 18, 19, '30'),
(107, 34, 35, '130'),
(108, 31, 32, '100'),
(109, 24, 35, '60'),
(110, 19, 18, '30'),
(111, 24, 23, '120'),
(112, 35, 24, '60'),
(128, 54, 49, '160'),
(129, 49, 54, '160'),
(130, 36, 55, '160'),
(131, 55, 36, '160'),
(132, 55, 35, '160'),
(133, 35, 55, '130'),
(134, 28, 56, '60'),
(135, 56, 28, '60'),
(136, 56, 29, '30'),
(137, 29, 56, '30'),
(138, 54, 57, '160'),
(139, 57, 54, '160'),
(140, 59, 58, '160'),
(141, 58, 59, '160'),
(142, 58, 57, '160'),
(143, 57, 58, '160'),
(144, 59, 60, '160'),
(145, 60, 59, '160'),
(146, 60, 61, '160 <br> 100 <br> 120 <br> 100'),
(147, 61, 60, '100 <br> 120 <br> 100 <br> 160');

-- --------------------------------------------------------

--
-- Struktura tabeli dla tabeli `rozklady`
--

CREATE TABLE `rozklady` (
  `id` int(11) NOT NULL,
  `id_rozkladu` int(11) NOT NULL,
  `id_stacji` int(11) NOT NULL,
  `przyjazd` time DEFAULT NULL,
  `odjazd` time DEFAULT NULL
) ENGINE=InnoDB DEFAULT CHARSET=utf8mb4 COLLATE=utf8mb4_polish_ci;

-- --------------------------------------------------------

--
-- Struktura tabeli dla tabeli `stacje`
--

CREATE TABLE `stacje` (
  `id_stacji` int(11) NOT NULL,
  `nazwa_stacji` varchar(255) DEFAULT NULL,
  `typ_stacji_id` int(11) DEFAULT NULL,
  `uwagi` text DEFAULT NULL,
  `linia_kolejowa` text DEFAULT NULL
) ENGINE=InnoDB DEFAULT CHARSET=utf8mb4 COLLATE=utf8mb4_polish_ci;

--
-- Dumping data for table `stacje`
--

INSERT INTO `stacje` (`id_stacji`, `nazwa_stacji`, `typ_stacji_id`, `uwagi`, `linia_kolejowa`) VALUES
(1, 'Świnoujście Port', 2, 'R1', '401'),
(2, 'Świnoujście', 1, 'R1 H PP', '401'),
(3, 'Świnoujście Warszów', 2, 'R1', '401'),
(4, 'Świnoujście Przytór', 2, 'R1', '401'),
(5, 'Lubiewo', 1, 'R1 H PP', '401'),
(6, 'Międzyzdroje', 2, 'R1', '401'),
(7, 'Warnowo', 1, 'R1 H PP', '401'),
(8, 'Ładzin', 2, 'R1', '401'),
(9, 'Mokrzyca Wielka', 2, 'R1 H PP', '401'),
(10, 'Wolin', 2, 'R1', '401'),
(11, 'Recław', 1, 'R1 H PP', '401'),
(12, 'Troszyn', 1, 'R1 H PP', '401'),
(13, 'Parłówko', 1, 'R1 H PP', '401'),
(14, 'Wysoka Kamieńska', 1, 'R1 H PP', '401'),
(15, 'Rokita', 1, 'R1 H PP', '401'),
(16, 'Łoźnica', 1, 'R1 H', '401'),
(17, 'Białuń', 1, 'R1  H PP', '401'),
(18, 'Goleniów', 1, 'R1 R3  H PP', '401'),
(19, 'Goleniów Park Przemysłowy', 2, 'R1', '401'),
(20, 'Rurka', 1, 'R3 H PP', '401'),
(21, 'Kliniska', 1, 'R3 UZS  H PP', '401'),
(22, 'Szczecin Załom', 2, 'R1', '401'),
(23, 'Szczecin Trzebusz', 2, 'R1', '401'),
(24, 'Szczecin Dąbie SDC', 3, 'R3 H PP', '401'),
(25, 'Szczecin Dąbie', 1, 'R3 H PP', '401'),
(26, 'Szczecin Zdroje', 1, 'R6 H PP', '351'),
(27, 'Regalica', 3, 'R6 H PP', '855'),
(28, 'Szczecin Port Centralny', 1, 'R6 H PP', '273'),
(29, 'Szczecin Główny', 1, 'R6 H PP', '351'),
(30, 'Szczecin Wstowo', 3, 'R6 H PP', '351'),
(31, 'Dziewoklicz', 3, 'R6 H PP', '351'),
(32, 'Regalica', 3, 'R6 H PP', '351'),
(33, 'Szczecin Zdroje', 2, 'R6 H PP', '351'),
(34, 'Szczecin Dąbie', 1, 'R6 H PP', '351'),
(35, 'Szczecin Dąbie SDA', 3, 'R6 H PP', '351'),
(36, 'Szczecin Zdunowo', 2, 'R6', '351'),
(37, 'Reptowo', 1, 'R6 H PP', '351'),
(38, 'Miedwiecko', 2, 'R6', '351'),
(39, 'Grzędzice', 2, 'R6', '351'),
(40, 'Stargard', 1, 'R6 H PP', '351'),
(41, 'Witkowo', 2, 'R6', '351'),
(42, 'Kolin', 1, 'R6 H PP', '351'),
(43, 'Morzyca', 2, 'R6', '351'),
(44, 'Dolice', 1, 'R6 H PP', '351'),
(45, 'Ziemomyśl', 2, 'R6', '351'),
(46, 'Choszczno', 1, 'R6 H PP', '351'),
(47, 'Stary Klukom', 2, 'R6', '351'),
(48, 'Słonice', 1, 'R6 H PP', '351'),
(49, 'Rębusz', 2, 'R6', '351'),
(50, 'Stawno', 2, 'R1', '407'),
(51, 'Górki Pomorskie', 2, 'R1', '407'),
(52, 'Jarszewo', 2, 'R1', '407'),
(53, 'Kamień Pomorski', 1, 'R1 H PP', '407'),
(54, 'Bierzwnik', 1, 'R6 H PP', '351'),
(55, 'Szczecin Dunikowo', 2, 'R6', '351'),
(56, 'Szczecin Łasztownia', 2, 'R6', '273'),
(57, 'Dobiegniew', 1, 'R6 H PP', '351'),
(58, 'Mierzęcin', 2, 'R6', '351'),
(59, 'Podlesiec', 1, 'R6 H PP', '351'),
(60, 'Drawiny', 2, 'R6', '351'),
(61, 'Krzyż', 1, 'R6 H PP', '351');

-- --------------------------------------------------------

--
-- Struktura tabeli dla tabeli `stacje_na_trasie`
--

CREATE TABLE `stacje_na_trasie` (
  `id` int(11) NOT NULL,
  `kolejnosc` int(11) NOT NULL,
  `id_trasy` int(11) DEFAULT NULL,
  `id_stacji` int(11) DEFAULT NULL
) ENGINE=InnoDB DEFAULT CHARSET=utf8mb4 COLLATE=utf8mb4_polish_ci;

--
-- Dumping data for table `stacje_na_trasie`
--

INSERT INTO `stacje_na_trasie` (`id`, `kolejnosc`, `id_trasy`, `id_stacji`) VALUES
(1, 1, 1, 1),
(2, 2, 1, 2),
(3, 3, 1, 3),
(4, 4, 1, 4),
(5, 5, 1, 5),
(6, 6, 1, 6),
(7, 7, 1, 7),
(8, 8, 1, 8),
(9, 9, 1, 9),
(10, 10, 1, 10),
(11, 11, 1, 11),
(12, 12, 1, 12),
(13, 13, 1, 13),
(14, 14, 1, 14),
(15, 15, 1, 15),
(16, 16, 1, 16),
(17, 16, 1, 17),
(18, 18, 1, 18),
(19, 19, 1, 19),
(20, 20, 1, 20),
(21, 21, 1, 21),
(22, 22, 1, 22),
(23, 23, 1, 23),
(24, 24, 1, 24),
(25, 25, 1, 25),
(26, 26, 1, 26),
(27, 27, 1, 27),
(28, 28, 1, 28),
(29, 30, 1, 29),
(30, 1, 2, 53),
(31, 2, 2, 52),
(32, 3, 2, 51),
(33, 4, 2, 50),
(34, 5, 2, 14),
(35, 1, 3, 14),
(36, 2, 3, 50),
(37, 3, 3, 51),
(38, 4, 3, 52),
(39, 5, 3, 53),
(40, 1, 4, 29),
(41, 3, 4, 28),
(42, 4, 4, 27),
(43, 5, 4, 26),
(44, 6, 4, 25),
(45, 7, 4, 24),
(46, 8, 4, 23),
(47, 9, 4, 22),
(48, 10, 4, 21),
(49, 11, 4, 20),
(50, 12, 4, 19),
(51, 13, 4, 18),
(52, 14, 4, 17),
(53, 15, 4, 16),
(54, 16, 4, 15),
(55, 17, 4, 14),
(56, 18, 4, 13),
(57, 19, 4, 12),
(58, 20, 4, 11),
(59, 21, 4, 10),
(60, 22, 4, 9),
(61, 23, 4, 8),
(62, 24, 4, 7),
(63, 25, 4, 6),
(64, 26, 4, 5),
(65, 27, 4, 4),
(66, 28, 4, 3),
(67, 29, 4, 2),
(68, 30, 4, 1),
(69, 7, 5, 49),
(70, 8, 5, 48),
(71, 9, 5, 47),
(72, 10, 5, 46),
(73, 11, 5, 45),
(74, 12, 5, 44),
(75, 13, 5, 43),
(76, 14, 5, 42),
(77, 15, 5, 41),
(78, 16, 5, 40),
(79, 17, 5, 39),
(80, 18, 5, 38),
(81, 19, 5, 37),
(82, 20, 5, 36),
(83, 22, 5, 35),
(84, 23, 5, 34),
(85, 24, 5, 33),
(86, 25, 5, 32),
(87, 26, 5, 31),
(88, 27, 5, 30),
(89, 28, 5, 29),
(112, 22, 6, 49),
(113, 21, 6, 48),
(114, 20, 6, 47),
(115, 19, 6, 46),
(116, 18, 6, 45),
(117, 17, 6, 44),
(118, 16, 6, 43),
(119, 15, 6, 42),
(120, 14, 6, 41),
(121, 13, 6, 40),
(122, 12, 6, 39),
(123, 11, 6, 38),
(124, 10, 6, 37),
(125, 9, 6, 36),
(126, 7, 6, 35),
(127, 6, 6, 34),
(128, 5, 6, 33),
(129, 4, 6, 32),
(130, 3, 6, 31),
(131, 2, 6, 30),
(132, 1, 6, 29),
(133, 1, 7, 1),
(134, 2, 7, 2),
(135, 3, 7, 3),
(136, 4, 7, 4),
(137, 5, 7, 5),
(138, 6, 7, 6),
(139, 7, 7, 7),
(140, 8, 7, 8),
(141, 9, 7, 9),
(142, 10, 7, 10),
(143, 11, 7, 11),
(144, 12, 7, 12),
(145, 13, 7, 13),
(146, 14, 7, 14),
(147, 15, 7, 15),
(148, 16, 7, 16),
(149, 17, 7, 17),
(150, 18, 7, 18),
(151, 19, 7, 19),
(152, 20, 7, 20),
(153, 21, 7, 21),
(154, 22, 7, 22),
(155, 23, 7, 23),
(156, 24, 7, 24),
(157, 25, 7, 25),
(158, 26, 7, 26),
(159, 27, 7, 27),
(160, 28, 7, 28),
(161, 30, 7, 29),
(162, 31, 7, 30),
(163, 32, 7, 31),
(164, 33, 7, 32),
(165, 34, 7, 33),
(166, 35, 7, 34),
(167, 36, 7, 35),
(168, 37, 7, 36),
(169, 38, 7, 37),
(170, 39, 7, 38),
(171, 40, 7, 39),
(172, 41, 7, 40),
(173, 42, 7, 41),
(174, 43, 7, 42),
(175, 44, 7, 43),
(176, 45, 7, 44),
(177, 46, 7, 45),
(178, 47, 7, 46),
(179, 48, 7, 47),
(180, 49, 7, 48),
(181, 50, 7, 49),
(182, 7, 8, 49),
(183, 8, 8, 48),
(184, 9, 8, 47),
(185, 10, 8, 46),
(186, 11, 8, 45),
(187, 12, 8, 44),
(188, 13, 8, 43),
(189, 14, 8, 42),
(190, 15, 8, 41),
(191, 16, 8, 40),
(192, 17, 8, 39),
(193, 18, 8, 38),
(194, 19, 8, 37),
(195, 20, 8, 36),
(196, 22, 8, 35),
(197, 23, 8, 34),
(198, 24, 8, 33),
(199, 25, 8, 32),
(200, 26, 8, 31),
(201, 27, 8, 30),
(202, 28, 8, 29),
(204, 30, 8, 28),
(205, 31, 8, 27),
(206, 32, 8, 26),
(207, 33, 8, 25),
(208, 34, 8, 24),
(209, 35, 8, 23),
(210, 36, 8, 22),
(211, 37, 8, 21),
(212, 38, 8, 20),
(213, 39, 8, 19),
(214, 40, 8, 18),
(215, 41, 8, 17),
(216, 42, 8, 16),
(217, 43, 8, 15),
(218, 44, 8, 14),
(219, 45, 8, 13),
(220, 46, 8, 12),
(221, 47, 8, 11),
(222, 48, 8, 10),
(223, 49, 8, 9),
(224, 50, 8, 8),
(225, 51, 8, 7),
(226, 52, 8, 6),
(227, 53, 8, 5),
(228, 54, 8, 4),
(229, 55, 8, 3),
(230, 56, 8, 2),
(231, 57, 8, 1),
(232, 1, 9, 1),
(233, 2, 9, 2),
(234, 3, 9, 3),
(235, 4, 9, 4),
(236, 5, 9, 5),
(237, 6, 9, 6),
(238, 7, 9, 7),
(239, 8, 9, 8),
(240, 9, 9, 9),
(241, 10, 9, 10),
(242, 11, 9, 11),
(243, 12, 9, 12),
(244, 13, 9, 13),
(245, 14, 9, 14),
(246, 15, 9, 15),
(247, 16, 9, 16),
(248, 17, 9, 17),
(249, 18, 9, 18),
(250, 19, 9, 19),
(251, 20, 9, 20),
(252, 21, 9, 21),
(253, 22, 9, 22),
(254, 23, 9, 23),
(255, 24, 9, 24),
(256, 25, 9, 35),
(257, 27, 9, 36),
(258, 28, 9, 37),
(259, 29, 9, 38),
(260, 30, 9, 39),
(261, 31, 9, 40),
(262, 32, 9, 41),
(263, 33, 9, 42),
(264, 34, 9, 43),
(265, 35, 9, 44),
(266, 36, 9, 45),
(267, 37, 9, 46),
(268, 38, 9, 47),
(269, 39, 9, 48),
(270, 40, 9, 49),
(271, 7, 10, 49),
(272, 8, 10, 48),
(273, 9, 10, 47),
(274, 10, 10, 46),
(275, 11, 10, 45),
(276, 12, 10, 44),
(277, 13, 10, 43),
(278, 14, 10, 42),
(279, 15, 10, 41),
(280, 16, 10, 40),
(281, 17, 10, 39),
(282, 18, 10, 38),
(283, 19, 10, 37),
(284, 20, 10, 36),
(285, 22, 10, 35),
(286, 23, 10, 24),
(287, 24, 10, 23),
(288, 25, 10, 22),
(289, 26, 10, 21),
(290, 27, 10, 20),
(291, 28, 10, 19),
(292, 29, 10, 18),
(293, 30, 10, 17),
(294, 31, 10, 16),
(295, 32, 10, 15),
(296, 33, 10, 14),
(297, 34, 10, 13),
(298, 35, 10, 12),
(299, 36, 10, 11),
(300, 37, 10, 10),
(301, 38, 10, 9),
(302, 39, 10, 8),
(303, 40, 10, 7),
(304, 41, 10, 6),
(305, 42, 10, 5),
(306, 43, 10, 4),
(307, 44, 10, 3),
(308, 45, 10, 2),
(309, 46, 10, 1),
(310, 1, 11, 53),
(311, 2, 11, 52),
(312, 3, 11, 51),
(313, 4, 11, 50),
(314, 5, 11, 14),
(315, 6, 11, 15),
(316, 7, 11, 16),
(317, 8, 11, 17),
(318, 9, 11, 18),
(319, 10, 11, 19),
(320, 11, 11, 20),
(321, 12, 11, 21),
(322, 13, 11, 22),
(323, 14, 11, 23),
(324, 15, 11, 24),
(325, 16, 11, 25),
(326, 17, 11, 26),
(327, 18, 11, 27),
(328, 19, 11, 28),
(329, 21, 11, 29),
(330, 1, 12, 29),
(331, 3, 12, 28),
(332, 4, 12, 27),
(333, 5, 12, 26),
(334, 6, 12, 25),
(335, 7, 12, 24),
(336, 8, 12, 23),
(337, 9, 12, 22),
(338, 10, 12, 21),
(339, 11, 12, 20),
(340, 12, 12, 19),
(341, 13, 12, 18),
(342, 14, 12, 17),
(343, 15, 12, 16),
(344, 16, 12, 15),
(345, 17, 12, 14),
(346, 18, 12, 50),
(347, 19, 12, 51),
(348, 20, 12, 52),
(349, 21, 12, 53),
(350, 6, 5, 54),
(351, 6, 8, 54),
(352, 6, 10, 54),
(353, 23, 6, 54),
(354, 51, 7, 54),
(355, 41, 9, 54),
(356, 20, 5, 55),
(357, 8, 6, 55),
(358, 29, 1, 56),
(359, 2, 4, 56),
(360, 29, 7, 56),
(361, 21, 8, 55),
(362, 29, 8, 56),
(363, 26, 9, 55),
(364, 21, 10, 55),
(365, 20, 11, 56),
(366, 2, 12, 56),
(367, 5, 5, 57),
(368, 24, 6, 57),
(369, 52, 7, 57),
(370, 5, 8, 57),
(371, 42, 9, 57),
(372, 5, 10, 57),
(373, 3, 5, 59),
(374, 4, 5, 58),
(375, 3, 8, 59),
(376, 4, 8, 58),
(377, 3, 10, 59),
(378, 4, 10, 58),
(379, 25, 6, 58),
(380, 26, 6, 59),
(381, 53, 7, 58),
(382, 54, 7, 59),
(383, 43, 9, 58),
(384, 44, 9, 59),
(385, 27, 6, 60),
(386, 55, 7, 60),
(387, 45, 9, 60),
(388, 28, 6, 61),
(389, 56, 7, 61),
(390, 46, 9, 61),
(391, 1, 5, 61),
(392, 2, 5, 60),
(393, 1, 8, 61),
(394, 2, 8, 60),
(395, 1, 10, 61),
(396, 2, 10, 60);

-- --------------------------------------------------------

--
-- Struktura tabeli dla tabeli `trasy`
--

CREATE TABLE `trasy` (
  `id_trasy` int(11) NOT NULL,
  `nazwa_trasy` varchar(255) DEFAULT NULL,
  `id_stacji_poczatkowej` int(11) DEFAULT NULL,
  `id_stacji_koncowej` int(11) DEFAULT NULL
) ENGINE=InnoDB DEFAULT CHARSET=utf8mb4 COLLATE=utf8mb4_polish_ci;

--
-- Dumping data for table `trasy`
--

INSERT INTO `trasy` (`id_trasy`, `nazwa_trasy`, `id_stacji_poczatkowej`, `id_stacji_koncowej`) VALUES
(1, 'Świnoujście Port- Szczecin Główny', 1, 29),
(2, 'Kamień Pomorski- Wysoka Kamieńska', 53, 14),
(3, 'Wysoka Kamieńska- Kamień Pomorski', 14, 53),
(4, 'Szczecin Główny- Świnoujście Port', 29, 1),
(5, 'Krzyż- Szczecin Główny', 61, 29),
(6, 'Szczecin Główny- Krzyż', 29, 61),
(7, 'Świnoujście Port- Krzyż', 1, 61),
(8, 'Krzyż- Świnoujście Port', 61, 1),
(9, 'Świnoujście Port- Krzyż (bez Szczecina)', 1, 61),
(10, 'Krzyż- Świnoujście Port (bez Szczecina)', 61, 1),
(11, 'Kamień Pomorski- Szczecin Główny', 53, 29),
(12, 'Szczecin Główny- Kamień Pomorski', 29, 53);

-- --------------------------------------------------------

--
-- Struktura tabeli dla tabeli `typy_stacji`
--

CREATE TABLE `typy_stacji` (
  `id_typu_stacji` int(11) NOT NULL,
  `nazwa_typu_stacji` varchar(255) DEFAULT NULL,
  `skrot_typu_stacji` varchar(20) DEFAULT NULL
) ENGINE=InnoDB DEFAULT CHARSET=utf8mb4 COLLATE=utf8mb4_polish_ci;

--
-- Dumping data for table `typy_stacji`
--

INSERT INTO `typy_stacji` (`id_typu_stacji`, `nazwa_typu_stacji`, `skrot_typu_stacji`) VALUES
(1, 'stacja', 'st.'),
(2, 'przystanek osobowy', 'po.'),
(3, 'posterunek odgałęźny', 'podg.'),
(4, 'posterunek odstępowy', 'ods');

--
-- Indeksy dla zrzutów tabel
--

--
-- Indeksy dla tabeli `czasy_kursowania`
--
ALTER TABLE `czasy_kursowania`
  ADD PRIMARY KEY (`id_czasu`),
  ADD KEY `id_trasy` (`id_trasy`),
  ADD KEY `id_stacji_początkowej` (`id_stacji_początkowej`),
  ADD KEY `id_stacji_końcowej` (`id_stacji_końcowej`);

--
-- Indeksy dla tabeli `postoje`
--
ALTER TABLE `postoje`
  ADD PRIMARY KEY (`id_postoj`);

--
-- Indeksy dla tabeli `predkosci_stacje`
--
ALTER TABLE `predkosci_stacje`
  ADD PRIMARY KEY (`id`),
  ADD KEY `id_stacji_końcowej` (`id_stacji_końcowej`),
  ADD KEY `id_stacji_początkowej` (`id_stacji_początkowej`);

--
-- Indeksy dla tabeli `rozklady`
--
ALTER TABLE `rozklady`
  ADD PRIMARY KEY (`id`);

--
-- Indeksy dla tabeli `stacje`
--
ALTER TABLE `stacje`
  ADD PRIMARY KEY (`id_stacji`),
  ADD KEY `typ_stacji_id` (`typ_stacji_id`);

--
-- Indeksy dla tabeli `stacje_na_trasie`
--
ALTER TABLE `stacje_na_trasie`
  ADD PRIMARY KEY (`id`),
  ADD KEY `id_trasy` (`id_trasy`),
  ADD KEY `id_stacji` (`id_stacji`);

--
-- Indeksy dla tabeli `trasy`
--
ALTER TABLE `trasy`
  ADD PRIMARY KEY (`id_trasy`),
  ADD KEY `fk_stacja_poczatkowa` (`id_stacji_poczatkowej`),
  ADD KEY `fk_stacja_koncowa` (`id_stacji_koncowej`);

--
-- Indeksy dla tabeli `typy_stacji`
--
ALTER TABLE `typy_stacji`
  ADD PRIMARY KEY (`id_typu_stacji`);

--
-- AUTO_INCREMENT for dumped tables
--

--
-- AUTO_INCREMENT for table `czasy_kursowania`
--
ALTER TABLE `czasy_kursowania`
  MODIFY `id_czasu` int(11) NOT NULL AUTO_INCREMENT, AUTO_INCREMENT=464;

--
-- AUTO_INCREMENT for table `postoje`
--
ALTER TABLE `postoje`
  MODIFY `id_postoj` int(11) NOT NULL AUTO_INCREMENT, AUTO_INCREMENT=7;

--
-- AUTO_INCREMENT for table `predkosci_stacje`
--
ALTER TABLE `predkosci_stacje`
  MODIFY `id` int(11) NOT NULL AUTO_INCREMENT, AUTO_INCREMENT=148;

--
-- AUTO_INCREMENT for table `rozklady`
--
ALTER TABLE `rozklady`
  MODIFY `id` int(11) NOT NULL AUTO_INCREMENT, AUTO_INCREMENT=25;

--
-- AUTO_INCREMENT for table `stacje`
--
ALTER TABLE `stacje`
  MODIFY `id_stacji` int(11) NOT NULL AUTO_INCREMENT, AUTO_INCREMENT=62;

--
-- AUTO_INCREMENT for table `stacje_na_trasie`
--
ALTER TABLE `stacje_na_trasie`
  MODIFY `id` int(11) NOT NULL AUTO_INCREMENT, AUTO_INCREMENT=397;

--
-- AUTO_INCREMENT for table `trasy`
--
ALTER TABLE `trasy`
  MODIFY `id_trasy` int(11) NOT NULL AUTO_INCREMENT, AUTO_INCREMENT=14;

--
-- AUTO_INCREMENT for table `typy_stacji`
--
ALTER TABLE `typy_stacji`
  MODIFY `id_typu_stacji` int(11) NOT NULL AUTO_INCREMENT, AUTO_INCREMENT=5;

--
-- Constraints for dumped tables
--

--
-- Constraints for table `czasy_kursowania`
--
ALTER TABLE `czasy_kursowania`
  ADD CONSTRAINT `czasy_kursowania_ibfk_1` FOREIGN KEY (`id_trasy`) REFERENCES `trasy` (`id_trasy`),
  ADD CONSTRAINT `czasy_kursowania_ibfk_2` FOREIGN KEY (`id_stacji_początkowej`) REFERENCES `stacje` (`id_stacji`),
  ADD CONSTRAINT `czasy_kursowania_ibfk_3` FOREIGN KEY (`id_stacji_końcowej`) REFERENCES `stacje` (`id_stacji`);

--
-- Constraints for table `predkosci_stacje`
--
ALTER TABLE `predkosci_stacje`
  ADD CONSTRAINT `predkosci_stacje_ibfk_1` FOREIGN KEY (`id_stacji_końcowej`) REFERENCES `stacje` (`id_stacji`),
  ADD CONSTRAINT `predkosci_stacje_ibfk_2` FOREIGN KEY (`id_stacji_początkowej`) REFERENCES `stacje` (`id_stacji`);

--
-- Constraints for table `stacje`
--
ALTER TABLE `stacje`
  ADD CONSTRAINT `stacje_ibfk_1` FOREIGN KEY (`typ_stacji_id`) REFERENCES `typy_stacji` (`id_typu_stacji`);

--
-- Constraints for table `stacje_na_trasie`
--
ALTER TABLE `stacje_na_trasie`
  ADD CONSTRAINT `stacje_na_trasie_ibfk_1` FOREIGN KEY (`id_trasy`) REFERENCES `trasy` (`id_trasy`),
  ADD CONSTRAINT `stacje_na_trasie_ibfk_2` FOREIGN KEY (`id_stacji`) REFERENCES `stacje` (`id_stacji`);

--
-- Constraints for table `trasy`
--
ALTER TABLE `trasy`
  ADD CONSTRAINT `fk_stacja_koncowa` FOREIGN KEY (`id_stacji_koncowej`) REFERENCES `stacje` (`id_stacji`),
  ADD CONSTRAINT `fk_stacja_poczatkowa` FOREIGN KEY (`id_stacji_poczatkowej`) REFERENCES `stacje` (`id_stacji`);
COMMIT;

/*!40101 SET CHARACTER_SET_CLIENT=@OLD_CHARACTER_SET_CLIENT */;
/*!40101 SET CHARACTER_SET_RESULTS=@OLD_CHARACTER_SET_RESULTS */;
/*!40101 SET COLLATION_CONNECTION=@OLD_COLLATION_CONNECTION */;
